id,pdf,firmas
exp48,60176578-NL.pdf.png,1
exp216,59007517-NL.pdf.png,2
exp153,58766385-NL.pdf.png,1
exp230,60219895-NL.pdf.png,1
exp136,60143211-NL.pdf.png,1
exp74,59480670-NL.pdf.png,2
exp225,60207049-NL.pdf.png,1
exp19,57474029-NL.pdf.png,1
exp202,60140562-NL.pdf.png,1
exp233,58809979-NL.pdf.png,1
exp108,60167523-NL.pdf.png,1
exp123,60178507-NL.pdf.png,1
exp151,60143629-NL.pdf.png,1
exp67,59480674-NL.pdf.png,2
exp39,60617601-NL.pdf.png,2
exp152,60206650-NL.pdf.png,1
exp24,60143227-NL.pdf.png,1
exp77,60176651-NL.pdf.png,1
exp82,60209401-NL.pdf.png,1
exp33,60144787-NL.pdf.png,1
exp47,58766663-NL.pdf.png,1
exp237,60140921-NL.pdf.png,2
exp135,58766420-NL.pdf.png,1
exp240,60142621-NL.pdf.png,1
exp58,59037721-NL.pdf.png,2
exp213,59482760-NL.pdf.png,1
exp43,60207129-NL.pdf.png,1
exp90,60647625-NL.pdf.png,1
exp226,59431515-NL.pdf.png,1
exp231,60143212-NL.pdf.png,1
exp203,60207045-NL.pdf.png,1
exp125,59036660-NL.pdf.png,1
exp68,60150356-NL.pdf.png,2
exp132,59481082-NL.pdf.png,1
exp64,59433295-NL.pdf.png,1
exp117,60219876-NL.pdf.png,2
exp249,60207107-NL.pdf.png,1
exp14,60142589-NL.pdf.png,1
exp234,60216486-NL.pdf.png,1
exp10,60169674-NL.pdf.png,1
exp102,60150297-NL.pdf.png,1
exp5,60176074-NL.pdf.png,1
exp223,60206138-NL.pdf.png,1
exp209,59482759-NL.pdf.png,1
exp128,60167524-NL.pdf.png,2
exp111,59008607-NL.pdf.png,1
exp42,59025889-NL.pdf.png,1
exp140,60143232-NL.pdf.png,1
exp146,59481083-NL.pdf.png,1
exp12,59480751-NL.pdf.png,2
exp120,60176635-NL.pdf.png,1
exp119,60205118-NL.pdf.png,1
exp121,59063944-NL.pdf.png,1
exp30,60141749-NL.pdf.png,2
exp63,60176057-NL.pdf.png,1
exp79,59433297-NL.pdf.png,1
exp65,60648652-NL.pdf.png,2
exp36,59480766-NL.pdf.png,1
exp52,60176655-NL.pdf.png,1
exp106,60207172-NL.pdf.png,1
exp72,60217853-NL.pdf.png,1
exp38,60205097-NL.pdf.png,1
exp46,60178485-NL.pdf.png,1
exp242,60177583-NL.pdf.png,1
exp113,58809988-NL.pdf.png,1
exp69,60176661-NL.pdf.png,1
exp88,60152448-NL.pdf.png,2
exp103,60209429-NL.pdf.png,1
exp244,60176031-NL.pdf.png,1
exp44,60207122-NL.pdf.png,1
exp206,60209394-NL.pdf.png,1
exp37,60178491-NL.pdf.png,2
exp232,59481894-NL.pdf.png,1
exp56,60177564-NL.pdf.png,1
exp219,59480757-NL.pdf.png,1
exp95,60206136-NL.pdf.png,1
exp224,59481880-NL.pdf.png,1
exp112,60207181-NL.pdf.png,1
exp86,59009972-NL.pdf.png,2
exp149,60616364-NL.pdf.png,1
exp130,60206106-NL.pdf.png,1
exp229,59482767-NL.pdf.png,1
exp78,59481869-NL.pdf.png,1
exp101,59008609-NL.pdf.png,1
exp129,59480764-NL.pdf.png,2
exp141,60144639-NL.pdf.png,2
exp89,58833309-NL.pdf.png,1
exp85,58805179-NL.pdf.png,1
exp70,60150315-NL.pdf.png,1
exp35,59433288-NL.pdf.png,2
exp53,60219359-NL.pdf.png,1
exp138,60209408-NL.pdf.png,1
exp147,61041808-NL.pdf.png,1
exp217,59484368-NL.pdf.png,1
exp71,59480768-NL.pdf.png,2
exp235,60207052-NL.pdf.png,1
exp73,59038435-NL.pdf.png,2
exp143,60150307-NL.pdf.png,1
exp239,60205591-NL.pdf.png,1
exp134,60206105-NL.pdf.png,2
exp248,59431839-NL.pdf.png,1
exp127,59480730-NL.pdf.png,2
exp15,59431510-NL.pdf.png,1
exp109,59000291-NL.pdf.png,2
exp40,60176035-NL.pdf.png,1
exp16,60150320-NL.pdf.png,1
exp27,59434346-NL.pdf.png,2
exp7,60206133-NL.pdf.png,1
exp51,60206550-NL.pdf.png,1
exp76,60206085-NL.pdf.png,1
exp220,60207075-NL.pdf.png,1
exp236,59038798-NL.pdf.png,2
exp227,60140235-NL.pdf.png,2
exp22,60152483-NL.pdf.png,1
exp243,60176673-NL.pdf.png,1
exp207,60140482-NL.pdf.png,1
exp214,60140902-NL.pdf.png,1
exp104,60178483-NL.pdf.png,1
exp100,60168676-NL.pdf.png,1
exp97,60144655-NL.pdf.png,1
exp6,60176696-NL.pdf.png,1
exp57,59431512-NL.pdf.png,2
exp92,60143233-NL.pdf.png,1
exp118,60206149-NL.pdf.png,1
exp94,58766666-NL.pdf.png,1
exp145,60209421-NL.pdf.png,1
exp25,59480686-NL.pdf.png,2
exp50,60219350-NL.pdf.png,1
exp34,60142097-NL.pdf.png,2
exp3,60216490-NL.pdf.png,1
exp98,60176575-NL.pdf.png,1
exp115,60206153-NL.pdf.png,1
exp,60144113-NL.pdf.png,1
exp54,59430702-NL.pdf.png,2
exp222,58809915-NL.pdf.png,1
exp246,60216483-NL.pdf.png,1
exp107,60142628-NL.pdf.png,1
exp29,60176647-NL.pdf.png,1
exp221,59480645-NL.pdf.png,1
exp150,59480640-NL.pdf.png,1
exp228,60207073-NL.pdf.png,1
exp59,60144686-NL.pdf.png,1
exp66,59028246-NL.pdf.png,1
exp247,58141201-NL.pdf.png,2
exp245,60150298-NL.pdf.png,1
exp32,59039812-NL.pdf.png,2
exp60,60209396-NL.pdf.png,1
exp80,59027815-NL.pdf.png,1
exp116,59036580-NL.pdf.png,1
exp205,60207072-NL.pdf.png,1
exp26,59028689-NL.pdf.png,2
exp99,60206111-NL.pdf.png,1
exp204,60140566-NL.pdf.png,2
exp144,59480765-NL.pdf.png,1
exp41,60176689-NL.pdf.png,1
exp110,59037965-NL.pdf.png,1
exp55,60206147-NL.pdf.png,1
exp215,59484362-NL.pdf.png,1
exp45,60141788-NL.pdf.png,1
exp114,59430825-NL.pdf.png,1
exp210,59483156-NL.pdf.png,1
exp137,60206096-NL.pdf.png,1
exp11,60216834-NL.pdf.png,2
exp23,60209395-NL.pdf.png,1
exp211,60140194-NL.pdf.png,1
exp131,60216482-NL.pdf.png,1
exp142,60207183-NL.pdf.png,1
exp238,60144651-NL.pdf.png,1
exp84,59039361-NL.pdf.png,1
exp61,60150302-NL.pdf.png,1
exp28,61042122-NL.pdf.png,1
exp13,60207038-NL.pdf.png,1
exp83,58768587-NL.pdf.png,1
exp241,59036642-NL.pdf.png,1
exp122,60216830-NL.pdf.png,2
exp93,59480684-NL.pdf.png,2
exp75,59038453-NL.pdf.png,1
exp8,59433282-NL.pdf.png,1
exp148,58809927-NL.pdf.png,2
exp87,60176067-NL.pdf.png,1
exp4,60176108-NL.pdf.png,1
exp9,60176642-NL.pdf.png,1
exp62,59480673-NL.pdf.png,2
exp2,60207171-NL.pdf.png,1
exp18,59036852-NL.pdf.png,1
exp17,60207033-NL.pdf.png,1
exp96,60205590-NL.pdf.png,1
exp49,59007171-NL.pdf.png,1
exp218,59484361-NL.pdf.png,2
exp133,60647624-NL.pdf.png,1
exp20,60168668-NL.pdf.png,1
exp124,59433676-NL.pdf.png,2
exp91,60150317-NL.pdf.png,1
exp139,60152482-NL.pdf.png,1
exp81,60207115-NL.pdf.png,1
exp21,60152461-NL.pdf.png,1
exp212,59029855-NL.pdf.png,1
exp208,59483845-NL.pdf.png,1
exp31,59000280-NL.pdf.png,1
exp126,60143217-NL.pdf.png,1
exp105,60141747-NL.pdf.png,1
